abbr,full_name,position,side_of_ball
ARI,Jacoby Brissett,QB,Offense
ARI,Kyler Murray,QB,Offense
ARI,Kedon Slovis,QB,Offense
ARI,Emari Demercado,RB,Offense
ARI,Bam Knight,RB,Offense
ARI,Greg Dortch,WR,Offense
ARI,Simi Fehoko,WR,Offense
ARI,Marvin Harrison Jr.,WR,Offense
ARI,Zay Jones,WR,Offense
ARI,Xavier Weaver,WR,Offense
ARI,Michael Wilson,WR,Offense
ARI,Josiah Deguara,TE,Offense
ARI,Elijah Higgins,TE,Offense
ARI,Trey McBride,TE,Offense
ARI,Evan Brown,C,Offense
ARI,Isaiah Adams,G,Offense
ARI,Hjalte Froholdt,G,Offense
ARI,Jon Gaines II,G,Offense
ARI,Will Hernandez,G,Offense
ARI,Kelvin Beachum,OT,Offense
ARI,Josh Fryar,OT,Offense
ARI,Demontrey Jacobs,OT,Offense
ARI,Paris Johnson Jr.,OT,Offense
ARI,Jonah Williams,OT,Offense
ARI,Darius Robinson,DE,Defense
ARI,Calais Campbell,DT,Defense
ARI,PJ Mustipher,DT,Defense
ARI,Bilal Nichols,DT,Defense
ARI,Dante Stills,DT,Defense
ARI,Dalvin Tomlinson,DT,Defense
ARI,Baron Browning,LB,Defense
ARI,Jordan Burch,LB,Defense
ARI,Zaven Collins,LB,Defense
ARI,Akeem Davis-Gaither,LB,Defense
ARI,Owen Pappoe,LB,Defense
ARI,Cody Simon,LB,Defense
ARI,Josh Sweat,LB,Defense
ARI,Xavier Thomas,LB,Defense
ARI,Mack Wilson Sr.,LB,Defense
ARI,Denzel Burke,CB,Defense
ARI,Kei'Trel Clark,CB,Defense
ARI,Will Johnson,CB,Defense
ARI,Elijah Jones,CB,Defense
ARI,Max Melton,CB,Defense
ARI,Budda Baker,S,Defense
ARI,Kitan Crawford,S,Defense
ARI,Dadrion Taylor-Demerson,S,Defense
ARI,Jalen Thompson,S,Defense
ATL,Kirk Cousins,QB,Offense
ATL,Michael Penix Jr.,QB,Offense
ATL,Tyler Allgeier,RB,Offense
ATL,Nathan Carter,RB,Offense
ATL,Bijan Robinson,RB,Offense
ATL,Jamal Agnew,WR,Offense
ATL,Dylan Drummond,WR,Offense
ATL,KhaDarel Hodge,WR,Offense
ATL,Drake London,WR,Offense
ATL,Darnell Mooney,WR,Offense
ATL,David Sills V,WR,Offense
ATL,Casey Washington,WR,Offense
ATL,Feleipe Franks,TE,Offense
ATL,Kyle Pitts Sr.,TE,Offense
ATL,Teagan Quitoriano,TE,Offense
ATL,Charlie Woerner,TE,Offense
ATL,Matthew Bergeron,G,Offense
ATL,Jovaughn Gwyn,G,Offense
ATL,Kyle Hinton,G,Offense
ATL,Chris Lindstrom,G,Offense
ATL,Ryan Neuzil,G,Offense
ATL,Michael Jerrell,OT,Offense
ATL,Jake Matthews,OT,Offense
ATL,Jack Nelson,OT,Offense
ATL,Elijah Wilkinson,OT,Offense
ATL,Leonard Floyd,DE,Defense
ATL,Zach Harrison,DE,Defense
ATL,LaCale London,DE,Defense
ATL,Brandon Dorlus,DT,Defense
ATL,Ta'Quon Graham,DT,Defense
ATL,David Onyemata,DT,Defense
ATL,Ruke Orhorhoro,DT,Defense
ATL,Sam Roberts,DT,Defense
ATL,JD Bertrand,LB,Defense
ATL,Arnold Ebiketie,LB,Defense
ATL,Kaden Elliss,LB,Defense
ATL,Ronnie Harrison Jr.,LB,Defense
ATL,DeAngelo Malone,LB,Defense
ATL,James Pearce Jr.,LB,Defense
ATL,Jalon Walker,LB,Defense
ATL,Josh Woods,LB,Defense
ATL,Dee Alford,CB,Defense
ATL,Natrone Brooks,CB,Defense
ATL,Mike Ford Jr.,CB,Defense
ATL,Mike Hughes,CB,Defense
ATL,A.J. Terrell Jr.,CB,Defense
ATL,Jessie Bates III,S,Defense
ATL,Billy Bowman Jr.,S,Defense
ATL,Jordan Fuller,S,Defense
ATL,DeMarcco Hellams,S,Defense
ATL,Xavier Watts,S,Defense
BAL,Tyler Huntley,QB,Offense
BAL,Lamar Jackson,QB,Offense
BAL,Cooper Rush,QB,Offense
BAL,Rasheen Ali,RB,Offense
BAL,Derrick Henry,RB,Offense
BAL,Justice Hill,RB,Offense
BAL,Keaton Mitchell,RB,Offense
BAL,Patrick Ricard,FB,Offense
BAL,Rashod Bateman,WR,Offense
BAL,Zay Flowers,WR,Offense
BAL,DeAndre Hopkins,WR,Offense
BAL,Devontez Walker,WR,Offense
BAL,Tylan Wallace,WR,Offense
BAL,LaJohntay Wester,WR,Offense
BAL,Mark Andrews,TE,Offense
BAL,Charlie Kolar,TE,Offense
BAL,Isaiah Likely,TE,Offense
BAL,Corey Bullock,C,Offense
BAL,Tyler Linderbaum,C,Offense
BAL,Ben Cleveland,G,Offense
BAL,Daniel Faalele,G,Offense
BAL,Andrew Vorhees,G,Offense
BAL,Emery Jones Jr.,OT,Offense
BAL,Joseph Noteboom,OT,Offense
BAL,Roger Rosengarten,OT,Offense
BAL,Ronnie Stanley,OT,Offense
BAL,Carson Vinson,OT,Offense
BAL,Brent Urban,DE,Defense
BAL,John Jenkins,DT,Defense
BAL,Travis Jones,DT,Defense
BAL,CJ Okoye,DT,Defense
BAL,Aeneas Peebles,DT,Defense
BAL,Teddye Buchanan,LB,Defense
BAL,Mike Green,LB,Defense
BAL,Jay Higgins IV,LB,Defense
BAL,Jake Hummel,LB,Defense
BAL,David Ojabo,LB,Defense
BAL,Trenton Simpson,LB,Defense
BAL,Roquan Smith,LB,Defense
BAL,Kyle Van Noy,LB,Defense
BAL,Chidobe Awuzie,CB,Defense
BAL,Marlon Humphrey,CB,Defense
BAL,Keyon Martin,CB,Defense
BAL,T.J. Tampa,CB,Defense
BAL,Nate Wiggins,CB,Defense
BAL,Alohi Gilman,S,Defense
BAL,Kyle Hamilton,S,Defense
BAL,Sanoussi Kane,S,Defense
BAL,Malaki Starks,S,Defense
BUF,Josh Allen,QB,Offense
BUF,Mitchell Trubisky,QB,Offense
BUF,James Cook III,RB,Offense
BUF,Ray Davis,RB,Offense
BUF,Ty Johnson,RB,Offense
BUF,Reggie Gilliam,FB,Offense
BUF,Keon Coleman,WR,Offense
BUF,Elijah Moore,WR,Offense
BUF,Joshua Palmer,WR,Offense
BUF,Curtis Samuel,WR,Offense
BUF,Khalil Shakir,WR,Offense
BUF,Tyrell Shavers,WR,Offense
BUF,Jackson Hawes,TE,Offense
BUF,Dalton Kincaid,TE,Offense
BUF,Dawson Knox,TE,Offense
BUF,Sedrick Van Pran-Granger,C,Offense
BUF,David Edwards,G,Offense
BUF,Connor McGovern,G,Offense
BUF,O'Cyrus Torrence,G,Offense
BUF,Alec Anderson,OT,Offense
BUF,Spencer Brown,OT,Offense
BUF,Dion Dawkins,OT,Offense
BUF,Chase Lundt,OT,Offense
BUF,Ryan Van Demark,OT,Offense
BUF,Joey Bosa,DE,Defense
BUF,AJ Epenesa,DE,Defense
BUF,Michael Hoecht,DE,Defense
BUF,Landon Jackson,DE,Defense
BUF,Greg Rousseau,DE,Defense
BUF,Javon Solomon,DE,Defense
BUF,DaQuan Jones,DT,Defense
BUF,Phidarian Mathis,DT,Defense
BUF,Larry Ogunjobi,DT,Defense
BUF,Jordan Phillips,DT,Defense
BUF,Deone Walker,DT,Defense
BUF,Joe Andreessen,LB,Defense
BUF,Terrel Bernard,LB,Defense
BUF,Matt Milano,LB,Defense
BUF,Shaq Thompson,LB,Defense
BUF,Dorian Williams,LB,Defense
BUF,Christian Benford,CB,Defense
BUF,Brandon Codrington,CB,Defense
BUF,Maxwell Hairston,CB,Defense
BUF,Jordan Hancock,CB,Defense
BUF,Ja'Marcus Ingram,CB,Defense
BUF,Dane Jackson,CB,Defense
BUF,Taron Johnson,CB,Defense
BUF,Cam Lewis,CB,Defense
BUF,Tre'Davious White,CB,Defense
BUF,Cole Bishop,S,Defense
BUF,Sam Franklin Jr.,S,Defense
BUF,Jordan Poyer,S,Defense
CAR,Andy Dalton,QB,Offense
CAR,Mike White,QB,Offense
CAR,Bryce Young,QB,Offense
CAR,Rico Dowdle,RB,Offense
CAR,Trevor Etienne,RB,Offense
CAR,Chuba Hubbard,RB,Offense
CAR,Jalen Coker,WR,Offense
CAR,Jimmy Horn Jr.,WR,Offense
CAR,Xavier Legette,WR,Offense
CAR,Tetairoa McMillan,WR,Offense
CAR,Hunter Renfrow,WR,Offense
CAR,Brycen Tremayne,WR,Offense
CAR,Mitchell Evans,TE,Offense
CAR,James Mitchell,TE,Offense
CAR,Ja'Tavion Sanders,TE,Offense
CAR,Tommy Tremble,TE,Offense
CAR,Austin Corbett,C,Offense
CAR,Cade Mays,C,Offense
CAR,Nick Samac,C,Offense
CAR,Damien Lewis,G,Offense
CAR,Chandler Zavala,G,Offense
CAR,Jake Curhan,OT,Offense
CAR,Ikem Ekwonu,OT,Offense
CAR,Taylor Moton,OT,Offense
CAR,Yosh Nijman,OT,Offense
CAR,Derrick Brown,DE,Defense
CAR,LaBryan Ray,DE,Defense
CAR,A'Shawn Robinson,DE,Defense
CAR,Bobby Brown III,DT,Defense
CAR,Cam Jackson,DT,Defense
CAR,Tershawn Wharton,DT,Defense
CAR,Claudin Cherelus,LB,Defense
CAR,Trevis Gipson,LB,Defense
CAR,Thomas Incoom,LB,Defense
CAR,Bam Martin-Scott,LB,Defense
CAR,Jeremiah Moon,LB,Defense
CAR,Maema Njongmeta,LB,Defense
CAR,Christian Rozeboom,LB,Defense
CAR,Nic Scourton,LB,Defense
CAR,Princely Umanmielen,LB,Defense
CAR,Trevin Wallace,LB,Defense
CAR,D.J. Wonnum,LB,Defense
CAR,Akayleb Evans,CB,Defense
CAR,Jaycee Horn,CB,Defense
CAR,Mike Jackson,CB,Defense
CAR,Chau Smith-Wade,CB,Defense
CAR,Corey Thornton,CB,Defense
CAR,Tre'von Moehrig,S,Defense
CAR,Lathan Ransom,S,Defense
CAR,Demani Richardson,S,Defense
CAR,Nick Scott,S,Defense
CHI,Tyson Bagent,QB,Offense
CHI,Case Keenum,QB,Offense
CHI,Caleb Williams,QB,Offense
CHI,Brittain Brown,RB,Offense
CHI,Travis Homer,RB,Offense
CHI,Roschon Johnson,RB,Offense
CHI,Kyle Monangai,RB,Offense
CHI,D'Andre Swift,RB,Offense
CHI,Luther Burden III,WR,Offense
CHI,Devin Duvernay,WR,Offense
CHI,DJ Moore,WR,Offense
CHI,Rome Odunze,WR,Offense
CHI,Jahdae Walker,WR,Offense
CHI,Olamide Zaccheaus,WR,Offense
CHI,Cole Kmet,TE,Offense
CHI,Colston Loveland,TE,Offense
CHI,Durham Smythe,TE,Offense
CHI,Ryan Bates,C,Offense
CHI,Drew Dalman,C,Offense
CHI,Theo Benedet,G,Offense
CHI,Jonah Jackson,G,Offense
CHI,Joe Thuney,G,Offense
CHI,Luke Newman,OT,Offense
CHI,Ozzy Trapilo,OT,Offense
CHI,Darnell Wright,OT,Offense
CHI,Austin Booker,DE,Defense
CHI,Daniel Hardy,DE,Defense
CHI,Grady Jarrett,DE,Defense
CHI,Dayo Odeyingbo,DE,Defense
CHI,Dominique Robinson,DE,Defense
CHI,Montez Sweat,DE,Defense
CHI,Andrew Billings,DT,Defense
CHI,Gervon Dexter Sr.,DT,Defense
CHI,Jonathan Ford,DT,Defense
CHI,Chris Williams,DT,Defense
CHI,Tremaine Edmunds,LB,Defense
CHI,T.J. Edwards,LB,Defense
CHI,Ruben Hyppolite II,LB,Defense
CHI,D'Marco Jackson,LB,Defense
CHI,Carl Jones Jr.,LB,Defense
CHI,Noah Sewell,LB,Defense
CHI,Josh Blackwell,CB,Defense
CHI,Jaylon Jones,CB,Defense
CHI,Nick McCloud,CB,Defense
CHI,Tyrique Stevenson,CB,Defense
CHI,Nahshon Wright,CB,Defense
CHI,Jaquan Brisker,S,Defense
CHI,Kevin Byard III,S,Defense
CHI,C.J. Gardner-Johnson,S,Defense
CHI,Elijah Hicks,S,Defense
CHI,Jonathan Owens,S,Defense
CIN,Jake Browning,QB,Offense
CIN,Sean Clifford,QB,Offense
CIN,Joe Flacco,QB,Offense
CIN,Tahj Brooks,RB,Offense
CIN,Chase Brown,RB,Offense
CIN,Samaje Perine,RB,Offense
CIN,Jermaine Burton,WR,Offense
CIN,Ja'Marr Chase,WR,Offense
CIN,Tee Higgins,WR,Offense
CIN,Andrei Iosivas,WR,Offense
CIN,Charlie Jones,WR,Offense
CIN,Mitchell Tinsley,WR,Offense
CIN,Noah Fant,TE,Offense
CIN,Cam Grandy,TE,Offense
CIN,Tanner Hudson,TE,Offense
CIN,Drew Sample,TE,Offense
CIN,Ted Karras,C,Offense
CIN,Dylan Fairchild,G,Offense
CIN,Cody Ford,G,Offense
CIN,Jaxson Kirkland,G,Offense
CIN,Lucas Patrick,G,Offense
CIN,Dalton Risner,G,Offense
CIN,Orlando Brown Jr.,OT,Offense
CIN,Amarius Mims,OT,Offense
CIN,Jalen Rivers,OT,Offense
CIN,Trey Hendrickson,DE,Defense
CIN,Cedric Johnson,DE,Defense
CIN,Myles Murphy,DE,Defense
CIN,Joseph Ossai,DE,Defense
CIN,Cam Sample,DE,Defense
CIN,Shemar Stewart,DE,Defense
CIN,B.J. Hill,DT,Defense
CIN,McKinnley Jackson,DT,Defense
CIN,Jordan Jefferson,DT,Defense
CIN,Kris Jenkins Jr.,DT,Defense
CIN,T.J. Slaton Jr.,DT,Defense
CIN,Brian Asamoah II,LB,Defense
CIN,Oren Burks,LB,Defense
CIN,Barrett Carter,LB,Defense
CIN,Joe Giles-Harris,LB,Defense
CIN,Demetrius Knight Jr.,LB,Defense
CIN,Logan Wilson,LB,Defense
CIN,Dax Hill,CB,Defense
CIN,DJ Ivey,CB,Defense
CIN,Josh Newton,CB,Defense
CIN,Cam Taylor-Britt,CB,Defense
CIN,DJ Turner II,CB,Defense
CIN,Marco Wilson,CB,Defense
CIN,Tycen Anderson,S,Defense
CIN,Jordan Battle,S,Defense
CIN,PJ Jules,S,Defense
CIN,Geno Stone,S,Defense
CLE,Dillon Gabriel,QB,Offense
CLE,Shedeur Sanders,QB,Offense
CLE,Jerome Ford,RB,Offense
CLE,Quinshon Judkins,RB,Offense
CLE,Dylan Sampson,RB,Offense
CLE,Raheim Sanders,RB,Offense
CLE,Isaiah Bond,WR,Offense
CLE,Malachi Corley,WR,Offense
CLE,Jerry Jeudy,WR,Offense
CLE,Gage Larvadain,WR,Offense
CLE,Jamari Thrash,WR,Offense
CLE,Brenden Bates,TE,Offense
CLE,Harold Fannin Jr.,TE,Offense
CLE,David Njoku,TE,Offense
CLE,Blake Whiteheart,TE,Offense
CLE,Ethan Pocic,C,Offense
CLE,Luke Wypler,C,Offense
CLE,Joel Bitonio,G,Offense
CLE,Teven Jenkins,G,Offense
CLE,Wyatt Teller,G,Offense
CLE,Zak Zinter,G,Offense
CLE,Jack Conklin,OT,Offense
CLE,KT Leveston,OT,Offense
CLE,Cornelius Lucas,OT,Offense
CLE,Cam Robinson,OT,Offense
CLE,Myles Garrett,DE,Defense
CLE,Adin Huntington,DE,Defense
CLE,Isaiah McGuire,DE,Defense
CLE,Cameron Thomas,DE,Defense
CLE,Joe Tryon-Shoyinka,DE,Defense
CLE,Alex Wright,DE,Defense
CLE,Maliek Collins,DT,Defense
CLE,Mason Graham,DT,Defense
CLE,Mike Hall Jr.,DT,Defense
CLE,Shelby Harris,DT,Defense
CLE,Jerome Baker,LB,Defense
CLE,Devin Bush,LB,Defense
CLE,Mohamoud Diabate,LB,Defense
CLE,Easton Mascarenas-Arnold,LB,Defense
CLE,Carson Schwesinger,LB,Defense
CLE,Tre Avery,CB,Defense
CLE,Tyson Campbell,CB,Defense
CLE,Myles Harden,CB,Defense
CLE,Dom Jones,CB,Defense
CLE,Denzel Ward,CB,Defense
CLE,Grant Delpit,S,Defense
CLE,Ronnie Hickman,S,Defense
CLE,Rayshawn Jenkins,S,Defense
CLE,Donovan McMillon,S,Defense
DAL,Joe Milton III,QB,Offense
DAL,Dak Prescott,QB,Offense
DAL,Jaydon Blue,RB,Offense
DAL,Malik Davis,RB,Offense
DAL,Hunter Luepke,RB,Offense
DAL,Javonte Williams,RB,Offense
DAL,Ryan Flournoy,WR,Offense
DAL,CeeDee Lamb,WR,Offense
DAL,Jonathan Mingo,WR,Offense
DAL,George Pickens,WR,Offense
DAL,Jalen Tolbert,WR,Offense
DAL,KaVontae Turpin,WR,Offense
DAL,Princeton Fant,TE,Offense
DAL,Jake Ferguson,TE,Offense
DAL,Luke Schoonmaker,TE,Offense
DAL,Brevyn Spann-Ford,TE,Offense
DAL,Cooper Beebe,C,Offense
DAL,Brock Hoffman,C,Offense
DAL,T.J. Bass,G,Offense
DAL,Tyler Booker,G,Offense
DAL,Tyler Smith,G,Offense
DAL,Hakeem Adeniji,OT,Offense
DAL,Ajani Cornelius,OT,Offense
DAL,Tyler Guyton,OT,Offense
DAL,Terence Steele,OT,Offense
DAL,Nate Thomas,OT,Offense
DAL,Jadeveon Clowney,DE,Defense
DAL,Donovan Ezeiruaku,DE,Defense
DAL,Dante Fowler Jr.,DE,Defense
DAL,James Houston,DE,Defense
DAL,Marshawn Kneeland,DE,Defense
DAL,Sam Williams,DE,Defense
DAL,Kenny Clark,DT,Defense
DAL,Osa Odighizuwa,DT,Defense
DAL,Mazi Smith,DT,Defense
DAL,Solomon Thomas,DT,Defense
DAL,Jay Toia,DT,Defense
DAL,Damone Clark,LB,Defense
DAL,Shemar James,LB,Defense
DAL,Marist Liufau,LB,Defense
DAL,Kenneth Murray Jr.,LB,Defense
DAL,DaRon Bland,CB,Defense
DAL,Trikweze Bridges,CB,Defense
DAL,Caelen Carson,CB,Defense
DAL,Zion Childress,CB,Defense
DAL,Kaiir Elam,CB,Defense
DAL,C.J. Goodwin,CB,Defense
DAL,Reddy Steward,CB,Defense
DAL,Markquese Bell,S,Defense
DAL,Alijah Clark,S,Defense
DAL,Juanyeh Thomas,S,Defense
DAL,Donovan Wilson,S,Defense
DEN,Bo Nix,QB,Offense
DEN,Jarrett Stidham,QB,Offense
DEN,Tyler Badie,RB,Offense
DEN,J.K. Dobbins,RB,Offense
DEN,RJ Harvey,RB,Offense
DEN,Jaleel McLaughlin,RB,Offense
DEN,Adam Prentice,FB,Offense
DEN,Michael Bandy,WR,Offense
DEN,Pat Bryant,WR,Offense
DEN,Troy Franklin,WR,Offense
DEN,Marvin Mims Jr.,WR,Offense
DEN,Trent Sherfield Sr.,WR,Offense
DEN,Courtland Sutton,WR,Offense
DEN,Nate Adkins,TE,Offense
DEN,Evan Engram,TE,Offense
DEN,Marcedes Lewis,TE,Offense
DEN,Adam Trautman,TE,Offense
DEN,Alex Forsyth,C,Offense
DEN,Luke Wattenberg,C,Offense
DEN,Quinn Meinerz,G,Offense
DEN,Calvin Throckmorton,G,Offense
DEN,Garett Bolles,OT,Offense
DEN,Frank Crum,OT,Offense
DEN,Mike McGlinchey,OT,Offense
DEN,Alex Palczewski,OT,Offense
DEN,Zach Allen,DE,Defense
DEN,John Franklin-Myers,DE,Defense
DEN,Sai'vion Jones,DE,Defense
DEN,Eyioma Uwazurike,DE,Defense
DEN,Jordan Jackson,DT,Defense
DEN,D.J. Jones,DT,Defense
DEN,Malcolm Roach,DT,Defense
DEN,Nik Bonitto,LB,Defense
DEN,Jonathon Cooper,LB,Defense
DEN,Jonah Elliss,LB,Defense
DEN,Dre Greenlaw,LB,Defense
DEN,Karene Reid,LB,Defense
DEN,Que Robinson,LB,Defense
DEN,Alex Singleton,LB,Defense
DEN,Justin Strnad,LB,Defense
DEN,Dondrea Tillman,LB,Defense
DEN,Kris Abrams-Draine,CB,Defense
DEN,Jahdae Barron,CB,Defense
DEN,Ja'Quan McMillian,CB,Defense
DEN,Riley Moss,CB,Defense
DEN,Pat Surtain II,CB,Defense
DEN,J.T. Gray,S,Defense
DEN,Talanoa Hufanga,S,Defense
DEN,Brandon Jones,S,Defense
DEN,Devon Key,S,Defense
DEN,P.J. Locke,S,Defense
DEN,JL Skinner,S,Defense
DET,Kyle Allen,QB,Offense
DET,Jared Goff,QB,Offense
DET,Jahmyr Gibbs,RB,Offense
DET,Justin Jackson,RB,Offense
DET,David Montgomery,RB,Offense
DET,Craig Reynolds,RB,Offense
DET,Jacob Saylors,RB,Offense
DET,Sione Vaki,RB,Offense
DET,Dominic Lovett,WR,Offense
DET,Kalif Raymond,WR,Offense
DET,Amon-Ra St. Brown,WR,Offense
DET,Isaac TeSlaa,WR,Offense
DET,Jameson Williams,WR,Offense
DET,Ross Dwelley,TE,Offense
DET,Sam LaPorta,TE,Offense
DET,Brock Wright,TE,Offense
DET,Trystan Colon,C,Offense
DET,Kayode Awosika,G,Offense
DET,Graham Glasgow,G,Offense
DET,Christian Mahogany,G,Offense
DET,Tate Ratledge,G,Offense
DET,Taylor Decker,OT,Offense
DET,Penei Sewell,OT,Offense
DET,Dan Skipper,OT,Offense
DET,Aidan Hutchinson,DE,Defense
DET,Pat O'Connor,DE,Defense
DET,Tyrus Wheat,DE,Defense
DET,Quinton Jefferson,DT,Defense
DET,Tyler Lacy,DT,Defense
DET,Roy Lopez,DT,Defense
DET,Alim McNeill,DT,Defense
DET,DJ Reader,DT,Defense
DET,Tyleik Williams,DT,Defense
DET,Mekhi Wingo,DT,Defense
DET,Alex Anzalone,LB,Defense
DET,Derrick Barnes,LB,Defense
DET,Jack Campbell,LB,Defense
DET,Al-Quadin Muhammad,LB,Defense
DET,Trevor Nowaske,LB,Defense
DET,Grant Stuard,LB,Defense
DET,Ty Summers,LB,Defense
DET,Terrion Arnold,CB,Defense
DET,Avonte Maddox,CB,Defense
DET,Arthur Maulet,CB,Defense
DET,Amik Robertson,CB,Defense
DET,Nick Whiteside,CB,Defense
DET,Rock Ya-Sin,CB,Defense
DET,Brian Branch,S,Defense
DET,Erick Hallett,S,Defense
DET,Thomas Harper,S,Defense
DET,Kerby Joseph,S,Defense
DET,Jammie Robinson,S,Defense
GB,Jordan Love,QB,Offense
GB,Malik Willis,QB,Offense
GB,Chris Brooks,RB,Offense
GB,Josh Jacobs,RB,Offense
GB,Emanuel Wilson,RB,Offense
GB,Romeo Doubs,WR,Offense
GB,Matthew Golden,WR,Offense
GB,Malik Heath,WR,Offense
GB,Christian Watson,WR,Offense
GB,Dontayvion Wicks,WR,Offense
GB,Savion Williams,WR,Offense
GB,John FitzPatrick,TE,Offense
GB,Tucker Kraft,TE,Offense
GB,Luke Musgrave,TE,Offense
GB,Jacob Monk,C,Offense
GB,Aaron Banks,G,Offense
GB,Elgton Jenkins,G,Offense
GB,Donovan Jennings,G,Offense
GB,Sean Rhyan,G,Offense
GB,Anthony Belton,OT,Offense
GB,Darian Kinnard,OT,Offense
GB,Jordan Morgan,OT,Offense
GB,Zach Tom,OT,Offense
GB,Rasheed Walker,OT,Offense
GB,Karl Brooks,DE,Defense
GB,Kingsley Enagbare,DE,Defense
GB,Rashan Gary,DE,Defense
GB,Arron Mosby,DE,Defense
GB,Micah Parsons,DE,Defense
GB,Barryn Sorrell,DE,Defense
GB,Lukas Van Ness,DE,Defense
GB,Warren Brinson,DT,Defense
GB,Nazir Stackhouse,DT,Defense
GB,Colby Wooden,DT,Defense
GB,Devonte Wyatt,DT,Defense
GB,Edgerrin Cooper,LB,Defense
GB,Ty'Ron Hopper,LB,Defense
GB,Isaiah McDuffie,LB,Defense
GB,Quay Walker,LB,Defense
GB,Kristian Welch,LB,Defense
GB,Kamal Hadden,CB,Defense
GB,Nate Hobbs,CB,Defense
GB,Bo Melton,CB,Defense
GB,Keisean Nixon,CB,Defense
GB,Carrington Valentine,CB,Defense
GB,Zayne Anderson,S,Defense
GB,Javon Bullard,S,Defense
GB,Xavier McKinney,S,Defense
GB,Kitan Oladapo,S,Defense
GB,Evan Williams,S,Defense
HOU,Graham Mertz,QB,Offense
HOU,Davis Mills,QB,Offense
HOU,C.J. Stroud,QB,Offense
HOU,British Brooks,RB,Offense
HOU,Nick Chubb,RB,Offense
HOU,Woody Marks,RB,Offense
HOU,Dare Ogunbowale,RB,Offense
HOU,Dameon Pierce,RB,Offense
HOU,Braxton Berrios,WR,Offense
HOU,Nico Collins,WR,Offense
HOU,Jayden Higgins,WR,Offense
HOU,Xavier Hutchinson,WR,Offense
HOU,Christian Kirk,WR,Offense
HOU,Jaylin Noel,WR,Offense
HOU,Harrison Bryant,TE,Offense
HOU,Dalton Schultz,TE,Offense
HOU,Jake Andrews,C,Offense
HOU,Jarrett Patterson,C,Offense
HOU,Juice Scruggs,C,Offense
HOU,Ed Ingram,G,Offense
HOU,Jarrett Kingston,G,Offense
HOU,Laken Tomlinson,G,Offense
HOU,Trent Brown,OT,Offense
HOU,Aireontae Ersery,OT,Offense
HOU,Blake Fisher,OT,Offense
HOU,Tytus Howard,OT,Offense
HOU,Will Anderson Jr.,DE,Defense
HOU,Denico Autry,DE,Defense
HOU,Derek Barnett,DE,Defense
HOU,Dylan Horton,DE,Defense
HOU,Danielle Hunter,DE,Defense
HOU,Darrell Taylor,DE,Defense
HOU,Mario Edwards Jr.,DT,Defense
HOU,Sheldon Rankins,DT,Defense
HOU,Tim Settle Jr.,DT,Defense
HOU,Tommy Togiai,DT,Defense
HOU,Azeez Al-Shaair,LB,Defense
HOU,Jake Hansen,LB,Defense
HOU,Christian Harris,LB,Defense
HOU,Jamal Hill,LB,Defense
HOU,E.J. Speed,LB,Defense
HOU,Henry To'oTo'o,LB,Defense
HOU,Kamari Lassiter,CB,Defense
HOU,Jaylin Smith,CB,Defense
HOU,Tremon Smith,CB,Defense
HOU,Derek Stingley Jr.,CB,Defense
HOU,Calen Bullock,S,Defense
HOU,Jalen Pitre,S,Defense
HOU,Jaylen Reed,S,Defense
HOU,M.J. Stewart,S,Defense
IND,Daniel Jones,QB,Offense
IND,Riley Leonard,QB,Offense
IND,Ameer Abdullah,RB,Offense
IND,DJ Giddens,RB,Offense
IND,Tyler Goodson,RB,Offense
IND,Jonathan Taylor,RB,Offense
IND,Josh Downs,WR,Offense
IND,Ashton Dulin,WR,Offense
IND,Anthony Gould,WR,Offense
IND,Adonai Mitchell,WR,Offense
IND,Alec Pierce,WR,Offense
IND,Michael Pittman Jr.,WR,Offense
IND,Laquon Treadwell,WR,Offense
IND,Mo Alie-Cox,TE,Offense
IND,Will Mallory,TE,Offense
IND,Drew Ogletree,TE,Offense
IND,Tyler Warren,TE,Offense
IND,Tanor Bortolini,C,Offense
IND,Danny Pinter,C,Offense
IND,Matt Goncalves,G,Offense
IND,Quenton Nelson,G,Offense
IND,Dalton Tucker,G,Offense
IND,Bernhard Raimann,OT,Offense
IND,Braden Smith,OT,Offense
IND,Luke Tenuta,OT,Offense
IND,Jalen Travis,OT,Offense
IND,Samson Ebukam,DE,Defense
IND,Laiatu Latu,DE,Defense
IND,Tyquan Lewis,DE,Defense
IND,Durell Nchami,DE,Defense
IND,Kwity Paye,DE,Defense
IND,JT Tuimoloau,DE,Defense
IND,Adetomiwa Adebawore,DT,Defense
IND,DeForest Buckner,DT,Defense
IND,Neville Gallimore,DT,Defense
IND,Eric Johnson II,DT,Defense
IND,Grover Stewart,DT,Defense
IND,Austin Ajiake,LB,Defense
IND,Zaire Franklin,LB,Defense
IND,Buddy Johnson,LB,Defense
IND,Segun Olubi,LB,Defense
IND,Germaine Pratt,LB,Defense
IND,Mekhi Blackmon,CB,Defense
IND,Johnathan Edwards,CB,Defense
IND,Jaylon Jones,CB,Defense
IND,Chris Lammons,CB,Defense
IND,Cameron Mitchell,CB,Defense
IND,Kenny Moore II,CB,Defense
IND,Cam Bynum,S,Defense
IND,Nick Cross,S,Defense
IND,Reuben Lowery III,S,Defense
IND,Rodney Thomas II,S,Defense
JAX,Trevor Lawrence,QB,Offense
JAX,Nick Mullens,QB,Offense
JAX,LeQuint Allen Jr.,RB,Offense
JAX,Travis Etienne Jr.,RB,Offense
JAX,Cody Schrader,RB,Offense
JAX,Bhayshul Tuten,RB,Offense
JAX,Dyami Brown,WR,Offense
JAX,Tim Jones,WR,Offense
JAX,Tim Patrick,WR,Offense
JAX,Brian Thomas Jr.,WR,Offense
JAX,Austin Trammell,WR,Offense
JAX,Parker Washington,WR,Offense
JAX,Hunter Long,TE,Offense
JAX,Quintin Morris,TE,Offense
JAX,Johnny Mundt,TE,Offense
JAX,Robert Hainsey,C,Offense
JAX,Jonah Monheim,C,Offense
JAX,Ezra Cleveland,G,Offense
JAX,Chuma Edoga,G,Offense
JAX,Patrick Mekari,G,Offense
JAX,Wyatt Milum,G,Offense
JAX,Anton Harrison,OT,Offense
JAX,Walker Little,OT,Offense
JAX,Cole Van Lanen,OT,Offense
JAX,BJ Green II,DE,Defense
JAX,Josh Hines-Allen,DE,Defense
JAX,Emmanuel Ogbah,DE,Defense
JAX,Dawuane Smoot,DE,Defense
JAX,Danny Striggow,DE,Defense
JAX,Travon Walker,DE,Defense
JAX,Arik Armstead,DT,Defense
JAX,DaVon Hamilton,DT,Defense
JAX,Austin Johnson,DT,Defense
JAX,Khalen Saunders,DT,Defense
JAX,Maason Smith,DT,Defense
JAX,Yasir Abdullah,LB,Defense
JAX,Branson Combs,LB,Defense
JAX,Dennis Gardeck,LB,Defense
JAX,Jack Kiser,LB,Defense
JAX,Devin Lloyd,LB,Defense
JAX,Ventrell Miller,LB,Defense
JAX,Foyesade Oluokun,LB,Defense
JAX,Christian Braswell,CB,Defense
JAX,Montaric Brown,CB,Defense
JAX,Jarrian Jones,CB,Defense
JAX,Jourdan Lewis,CB,Defense
JAX,Greg Newsome II,CB,Defense
JAX,Kahlef Hailassie,S,Defense
JAX,Antonio Johnson,S,Defense
JAX,Rayuan Lane III,S,Defense
JAX,Andrew Wingard,S,Defense
KC,Patrick Mahomes,QB,Offense
KC,Gardner Minshew,QB,Offense
KC,Clyde Edwards-Helaire,RB,Offense
KC,Kareem Hunt,RB,Offense
KC,Elijah Mitchell,RB,Offense
KC,Isiah Pacheco,RB,Offense
KC,Brashard Smith,RB,Offense
KC,Hollywood Brown,WR,Offense
KC,Nikko Remigio,WR,Offense
KC,Rashee Rice,WR,Offense
KC,Jalen Royals,WR,Offense
KC,JuJu Smith-Schuster,WR,Offense
KC,Tyquan Thornton,WR,Offense
KC,Xavier Worthy,WR,Offense
KC,Noah Gray,TE,Offense
KC,Travis Kelce,TE,Offense
KC,Robert Tonyan,TE,Offense
KC,Jared Wiley,TE,Offense
KC,Creed Humphrey,C,Offense
KC,Hunter Nourzad,C,Offense
KC,Mike Caliendo,G,Offense
KC,C.J. Hanson,G,Offense
KC,Jaylon Moore,G,Offense
KC,Trey Smith,G,Offense
KC,Wanya Morris,OT,Offense
KC,Josh Simmons,OT,Offense
KC,Kingsley Suamataia,OT,Offense
KC,Jawaan Taylor,OT,Offense
KC,Mike Danna,DE,Defense
KC,Ashton Gillotte,DE,Defense
KC,George Karlaftis,DE,Defense
KC,Charles Omenihu,DE,Defense
KC,Chris Jones,DT,Defense
KC,Derrick Nnadi,DT,Defense
KC,Mike Pennel,DT,Defense
KC,Jerry Tillery,DT,Defense
KC,Jeffrey Bassa,LB,Defense
KC,Nick Bolton,LB,Defense
KC,Leo Chenal,LB,Defense
KC,Jack Cochrane,LB,Defense
KC,Cooper McDonald,LB,Defense
KC,Drue Tranquill,LB,Defense
KC,Kristian Fulton,CB,Defense
KC,Kevin Knowles,CB,Defense
KC,Trent McDuffie,CB,Defense
KC,Chris Roland-Wallace,CB,Defense
KC,Jaylen Watson,CB,Defense
KC,Joshua Williams,CB,Defense
KC,Nohl Williams,CB,Defense
KC,Chamarri Conner,S,Defense
KC,Bryan Cook,S,Defense
KC,Jaden Hicks,S,Defense
LV,Kenny Pickett,QB,Offense
LV,Geno Smith,QB,Offense
LV,Ashton Jeanty,RB,Offense
LV,Dylan Laube,RB,Offense
LV,Raheem Mostert,RB,Offense
LV,Zamir White,RB,Offense
LV,Alex Bachman,WR,Offense
LV,Jack Bech,WR,Offense
LV,Tyler Lockett,WR,Offense
LV,Jakobi Meyers,WR,Offense
LV,Dont'e Thornton Jr.,WR,Offense
LV,Tre Tucker,WR,Offense
LV,Brock Bowers,TE,Offense
LV,Michael Mayer,TE,Offense
LV,Carter Runyon,TE,Offense
LV,Ian Thomas,TE,Offense
LV,Jackson Powers-Johnson,C,Offense
LV,Will Putnam,C,Offense
LV,Alex Cappa,G,Offense
LV,Jordan Meredith,G,Offense
LV,Dylan Parham,G,Offense
LV,Caleb Rogers,G,Offense
LV,Stone Forsythe,OT,Offense
LV,DJ Glaze,OT,Offense
LV,Charles Grant,OT,Offense
LV,Maxx Crosby,DE,Defense
LV,Malcolm Koonce,DE,Defense
LV,Charles Snowden,DE,Defense
LV,Tyree Wilson,DE,Defense
LV,Thomas Booker IV,DT,Defense
LV,Adam Butler,DT,Defense
LV,Leki Fotu,DT,Defense
LV,Tonka Hemingway,DT,Defense
LV,Jonah Laulu,DT,Defense
LV,JJ Pegues,DT,Defense
LV,Jamal Adams,LB,Defense
LV,Tommy Eichenberg,LB,Defense
LV,Cody Lindenberg,LB,Defense
LV,Jon Rhattigan,LB,Defense
LV,Elandon Roberts,LB,Defense
LV,Devin White,LB,Defense
LV,Darnay Holmes,CB,Defense
LV,Kyu Blu Kelly,CB,Defense
LV,Darien Porter,CB,Defense
LV,Decamerion Richardson,CB,Defense
LV,Eric Stokes,CB,Defense
LV,Greedy Vance,CB,Defense
LV,Jeremy Chinn,S,Defense
LV,Tristin McCollum,S,Defense
LV,Isaiah Pola-Mao,S,Defense
LV,Chris Smith II,S,Defense
LAC,Justin Herbert,QB,Offense
LAC,Trey Lance,QB,Offense
LAC,Amar Johnson,RB,Offense
LAC,Jaret Patterson,RB,Offense
LAC,Kimani Vidal,RB,Offense
LAC,Scott Matlock,FB,Offense
LAC,Keenan Allen,WR,Offense
LAC,Derius Davis,WR,Offense
LAC,Tre' Harris,WR,Offense
LAC,Quentin Johnston,WR,Offense
LAC,KeAndre Lambert-Smith,WR,Offense
LAC,Ladd McConkey,WR,Offense
LAC,Tyler Conklin,TE,Offense
LAC,Will Dissly,TE,Offense
LAC,Tucker Fisk,TE,Offense
LAC,Oronde Gadsden II,TE,Offense
LAC,Bradley Bozeman,C,Offense
LAC,Andre James,C,Offense
LAC,Mekhi Becton,G,Offense
LAC,Zion Johnson,G,Offense
LAC,Trey Pipkins III,G,Offense
LAC,Jamaree Salyer,G,Offense
LAC,Joe Alt,OT,Offense
LAC,Austin Deculus,OT,Offense
LAC,Bobby Hart,OT,Offense
LAC,Foster Sarell,OT,Offense
LAC,Jamaree Caldwell,DT,Defense
LAC,Justin Eboigbe,DT,Defense
LAC,Naquan Jones,DT,Defense
LAC,Teair Tart,DT,Defense
LAC,Bud Dupree,LB,Defense
LAC,Troy Dye,LB,Defense
LAC,Daiyan Henley,LB,Defense
LAC,Kyle Kennard,LB,Defense
LAC,Khalil Mack,LB,Defense
LAC,Odafe Oweh,LB,Defense
LAC,Denzel Perryman,LB,Defense
LAC,Del'Shawn Phillips,LB,Defense
LAC,Tuli Tuipulotu,LB,Defense
LAC,Marlowe Wax,LB,Defense
LAC,Cam Hart,CB,Defense
LAC,Donte Jackson,CB,Defense
LAC,Elijah Molden,CB,Defense
LAC,Nikko Reed,CB,Defense
LAC,Benjamin St-Juste,CB,Defense
LAC,Tarheeb Still,CB,Defense
LAC,Ja'Sir Taylor,CB,Defense
LAC,Derwin James Jr.,S,Defense
LAC,Tony Jefferson,S,Defense
LAC,RJ Mickens,S,Defense
LAC,Kendall Williamson,S,Defense
LAR,Stetson Bennett IV,QB,Offense
LAR,Jimmy Garoppolo,QB,Offense
LAR,Matthew Stafford,QB,Offense
LAR,Blake Corum,RB,Offense
LAR,Jarquez Hunter,RB,Offense
LAR,Ronnie Rivers,RB,Offense
LAR,Kyren Williams,RB,Offense
LAR,Davante Adams,WR,Offense
LAR,Konata Mumpfield,WR,Offense
LAR,Puka Nacua,WR,Offense
LAR,Xavier Smith,WR,Offense
LAR,Jordan Whittington,WR,Offense
LAR,Davis Allen,TE,Offense
LAR,Terrance Ferguson,TE,Offense
LAR,Tyler Higbee,TE,Offense
LAR,Colby Parkinson,TE,Offense
LAR,Beaux Limmer,C,Offense
LAR,Coleman Shelton,C,Offense
LAR,Steve Avila,G,Offense
LAR,Justin Dedich,G,Offense
LAR,Kevin Dotson,G,Offense
LAR,Rob Havenstein,OT,Offense
LAR,D.J. Humphries,OT,Offense
LAR,Alaric Jackson,OT,Offense
LAR,Warren McClendon Jr.,OT,Offense
LAR,David Quessenberry,OT,Offense
LAR,Tyler Davis,DE,Defense
LAR,Braden Fiske,DE,Defense
LAR,Desjuan Johnson,DE,Defense
LAR,Larrell Murchison,DE,Defense
LAR,Kobie Turner,DE,Defense
LAR,Poona Ford,DT,Defense
LAR,Ty Hamilton,DT,Defense
LAR,Shaun Dolac,LB,Defense
LAR,Nick Hampton,LB,Defense
LAR,Nate Landman,LB,Defense
LAR,Elias Neal,LB,Defense
LAR,Troy Reeder,LB,Defense
LAR,Omar Speights,LB,Defense
LAR,Josaiah Stewart,LB,Defense
LAR,Jared Verse,LB,Defense
LAR,Byron Young,LB,Defense
LAR,Cobie Durant,CB,Defense
LAR,Emmanuel Forbes Jr.,CB,Defense
LAR,A.J. Green,CB,Defense
LAR,Roger McCreary,CB,Defense
LAR,Josh Wallace,CB,Defense
LAR,Darious Williams,CB,Defense
LAR,Kam Curl,S,Defense
LAR,Kamren Kinchens,S,Defense
LAR,Quentin Lake,S,Defense
LAR,Jaylen McCollough,S,Defense
MIA,Quinn Ewers,QB,Offense
MIA,Tua Tagovailoa,QB,Offense
MIA,Zach Wilson,QB,Offense
MIA,De'Von Achane,RB,Offense
MIA,Ollie Gordon II,RB,Offense
MIA,Jaylen Wright,RB,Offense
MIA,Alec Ingold,FB,Offense
MIA,Dee Eskridge,WR,Offense
MIA,Jaylen Waddle,WR,Offense
MIA,Malik Washington,WR,Offense
MIA,Tahj Washington,WR,Offense
MIA,Nick Westbrook-Ikhine,WR,Offense
MIA,Cedrick Wilson Jr.,WR,Offense
MIA,Tanner Conner,TE,Offense
MIA,Greg Dulcich,TE,Offense
MIA,Julian Hill,TE,Offense
MIA,Aaron Brewer,G,Offense
MIA,Jonah Savaiinaea,G,Offense
MIA,Cole Strange,G,Offense
MIA,Larry Borom,OT,Offense
MIA,Daniel Brunskill,OT,Offense
MIA,Kendall Lamm,OT,Offense
MIA,Patrick Paul,OT,Offense
MIA,Kion Smith,OT,Offense
MIA,Zeek Biggers,DT,Defense
MIA,Matthew Butler,DT,Defense
MIA,Kenneth Grant,DT,Defense
MIA,Benito Jones,DT,Defense
MIA,Jordan Phillips,DT,Defense
MIA,Zach Sieler,DT,Defense
MIA,K.J. Britt,LB,Defense
MIA,Jordyn Brooks,LB,Defense
MIA,Bradley Chubb,LB,Defense
MIA,Tyrel Dodson,LB,Defense
MIA,Willie Gay Jr.,LB,Defense
MIA,Cameron Goode,LB,Defense
MIA,Matthew Judon,LB,Defense
MIA,Chop Robinson,LB,Defense
MIA,Ethan Bonner,CB,Defense
MIA,JuJu Brents,CB,Defense
MIA,Rasul Douglas,CB,Defense
MIA,Jack Jones,CB,Defense
MIA,Jason Marshall Jr.,CB,Defense
MIA,Elijah Campbell,S,Defense
MIA,Jordan Colbert,S,Defense
MIA,Ashtyn Davis,S,Defense
MIA,Minkah Fitzpatrick,S,Defense
MIA,Ifeatu Melifonwu,S,Defense
MIA,Dante Trader Jr.,S,Defense
MIN,Max Brosmer,QB,Offense
MIN,J.J. McCarthy,QB,Offense
MIN,Aaron Jones Sr.,RB,Offense
MIN,Jordan Mason,RB,Offense
MIN,Zavier Scott,RB,Offense
MIN,C.J. Ham,FB,Offense
MIN,Jordan Addison,WR,Offense
MIN,Tai Felton,WR,Offense
MIN,Justin Jefferson,WR,Offense
MIN,Jalen Nailor,WR,Offense
MIN,Myles Price,WR,Offense
MIN,Adam Thielen,WR,Offense
MIN,T.J. Hockenson,TE,Offense
MIN,Josh Oliver,TE,Offense
MIN,Ben Sims,TE,Offense
MIN,Nick Vannett,TE,Offense
MIN,Ben Yurosek,TE,Offense
MIN,Blake Brandel,G,Offense
MIN,Will Fries,G,Offense
MIN,Joe Huber,G,Offense
MIN,Donovan Jackson,G,Offense
MIN,Michael Jurgens,G,Offense
MIN,Christian Darrisaw,OT,Offense
MIN,Brian O'Neill,OT,Offense
MIN,Walter Rouse,OT,Offense
MIN,Justin Skule,OT,Offense
MIN,Tyrion Ingram-Dawkins,DE,Defense
MIN,Elijah Williams,DE,Defense
MIN,Jonathan Allen,DT,Defense
MIN,Javon Hargrave,DT,Defense
MIN,Jalen Redmond,DT,Defense
MIN,Levi Drake Rodriguez,DT,Defense
MIN,Tyler Batty,LB,Defense
MIN,Blake Cashman,LB,Defense
MIN,Chaz Chambliss,LB,Defense
MIN,Jonathan Greenard,LB,Defense
MIN,Austin Keys,LB,Defense
MIN,Ivan Pace Jr.,LB,Defense
MIN,Bo Richter,LB,Defense
MIN,Dallas Turner,LB,Defense
MIN,Andrew Van Ginkel,LB,Defense
MIN,Eric Wilson,LB,Defense
MIN,Dwight McGlothern,CB,Defense
MIN,Fabian Moreau,CB,Defense
MIN,Byron Murphy Jr.,CB,Defense
MIN,Jeff Okudah,CB,Defense
MIN,Isaiah Rodgers,CB,Defense
MIN,Theo Jackson,S,Defense
MIN,Joshua Metellus,S,Defense
MIN,Harrison Smith,S,Defense
MIN,Tavierre Thomas,S,Defense
MIN,Jay Ward,S,Defense
NE,Tommy DeVito,QB,Offense
NE,Joshua Dobbs,QB,Offense
NE,Drake Maye,QB,Offense
NE,TreVeyon Henderson,RB,Offense
NE,Terrell Jennings,RB,Offense
NE,D'Ernest Johnson,RB,Offense
NE,Rhamondre Stevenson,RB,Offense
NE,Kayshon Boutte,WR,Offense
NE,Efton Chism III,WR,Offense
NE,Stefon Diggs,WR,Offense
NE,DeMario Douglas,WR,Offense
NE,Mack Hollins,WR,Offense
NE,Jalen Hurd,WR,Offense
NE,Kyle Williams,WR,Offense
NE,Hunter Henry,TE,Offense
NE,Austin Hooper,TE,Offense
NE,Jack Westover,TE,Offense
NE,Garrett Bradbury,C,Offense
NE,Ben Brown,C,Offense
NE,Jared Wilson,C,Offense
NE,Marcus Bryant,OT,Offense
NE,Will Campbell,OT,Offense
NE,Vederian Lowe,OT,Offense
NE,Morgan Moses,OT,Offense
NE,Mike Onwenu,OT,Offense
NE,Caedan Wallace,OT,Offense
NE,Milton Williams,DE,Defense
NE,Christian Barmore,DT,Defense
NE,Cory Durden,DT,Defense
NE,Joshua Farmer,DT,Defense
NE,Eric Gregory,DT,Defense
NE,Khyiris Tonga,DT,Defense
NE,K'Lavon Chaisson,LB,Defense
NE,Christian Elliss,LB,Defense
NE,Jack Gibbens,LB,Defense
NE,Anfernee Jennings,LB,Defense
NE,Harold Landry III,LB,Defense
NE,Marte Mapu,LB,Defense
NE,Caleb Murphy,LB,Defense
NE,Elijah Ponder,LB,Defense
NE,Robert Spillane,LB,Defense
NE,Jahlani Tavai,LB,Defense
NE,Alex Austin,CB,Defense
NE,Carlton Davis III,CB,Defense
NE,Christian Gonzalez,CB,Defense
NE,Marcus Jones,CB,Defense
NE,Charles Woods,CB,Defense
NE,Jaylinn Hawkins,S,Defense
NE,Dell Pettus,S,Defense
NE,John Saunders Jr.,S,Defense
NE,Brenden Schooler,S,Defense
NE,Craig Woodson,S,Defense
NO,Taysom Hill,QB,Offense
NO,Spencer Rattler,QB,Offense
NO,Tyler Shough,QB,Offense
NO,Alvin Kamara,RB,Offense
NO,Devin Neal,RB,Offense
NO,Brandin Cooks,WR,Offense
NO,Chris Olave,WR,Offense
NO,Rashid Shaheed,WR,Offense
NO,Mason Tipton,WR,Offense
NO,Devaughn Vele,WR,Offense
NO,Juwan Johnson,TE,Offense
NO,Zaire Mitchell-Paden,TE,Offense
NO,Foster Moreau,TE,Offense
NO,Jack Stoll,TE,Offense
NO,Luke Fortner,C,Offense
NO,Cesar Ruiz,C,Offense
NO,Torricelli Simpkins III,G,Offense
NO,Kelvin Banks Jr.,OT,Offense
NO,Taliese Fuaga,OT,Offense
NO,Trevor Penning,OT,Offense
NO,Dillon Radunz,OT,Offense
NO,Asim Richards,OT,Offense
NO,Xavier Truss,OT,Offense
NO,Jonathan Bullard,DE,Defense
NO,Carl Granderson,DE,Defense
NO,Cameron Jordan,DE,Defense
NO,Chris Rumph II,DE,Defense
NO,Jonah Williams,DE,Defense
NO,Chase Young,DE,Defense
NO,Khristian Boyd,DT,Defense
NO,Bryan Bresee,DT,Defense
NO,Davon Godchaux,DT,Defense
NO,John Ridgeway III,DT,Defense
NO,Nathan Shepherd,DT,Defense
NO,Demario Davis,LB,Defense
NO,Jaylan Ford,LB,Defense
NO,Eku Leota,LB,Defense
NO,Nephi Sewell,LB,Defense
NO,Isaiah Stalbird,LB,Defense
NO,Danny Stutsman,LB,Defense
NO,Pete Werner,LB,Defense
NO,Michael Davis,CB,Defense
NO,Kool-Aid McKinstry,CB,Defense
NO,Quincy Riley,CB,Defense
NO,Alontae Taylor,CB,Defense
NO,Rejzohn Wright,CB,Defense
NO,Isaac Yiadom,CB,Defense
NO,Ugo Amadi,S,Defense
NO,Terrell Burgess,S,Defense
NO,Jordan Howden,S,Defense
NO,Justin Reid,S,Defense
NO,Jonas Sanker,S,Defense
NYG,Jaxson Dart,QB,Offense
NYG,Russell Wilson,QB,Offense
NYG,Jameis Winston,QB,Offense
NYG,Devin Singletary,RB,Offense
NYG,Tyrone Tracy Jr.,RB,Offense
NYG,Beaux Collins,WR,Offense
NYG,Jalin Hyatt,WR,Offense
NYG,Ray-Ray McCloud III,WR,Offense
NYG,Gunner Olszewski,WR,Offense
NYG,Wan'Dale Robinson,WR,Offense
NYG,Darius Slayton,WR,Offense
NYG,Daniel Bellinger,TE,Offense
NYG,Thomas Fidone II,TE,Offense
NYG,Theo Johnson,TE,Offense
NYG,Chris Manhertz,TE,Offense
NYG,Austin Schlottmann,C,Offense
NYG,John Michael Schmitz Jr.,C,Offense
NYG,Marcus Mbow,G,Offense
NYG,Jon Runyan,G,Offense
NYG,Aaron Stinnie,G,Offense
NYG,Greg Van Roten,G,Offense
NYG,Jermaine Eluemunor,OT,Offense
NYG,James Hudson III,OT,Offense
NYG,Evan Neal,OT,Offense
NYG,Andrew Thomas,OT,Offense
NYG,Chauncey Golston,DE,Defense
NYG,Darius Alexander,DT,Defense
NYG,D.J. Davidson,DT,Defense
NYG,Dexter Lawrence II,DT,Defense
NYG,Rakeem Nunez-Roches,DT,Defense
NYG,Roy Robertson-Harris,DT,Defense
NYG,Zaire Barnes,LB,Defense
NYG,Brian Burns,LB,Defense
NYG,Abdul Carter,LB,Defense
NYG,Victor Dimukeje,LB,Defense
NYG,Demetrius Flannigan-Fowles,LB,Defense
NYG,Neville Hewitt,LB,Defense
NYG,Darius Muasau,LB,Defense
NYG,Bobby Okereke,LB,Defense
NYG,Kayvon Thibodeaux,LB,Defense
NYG,Paulson Adebo,CB,Defense
NYG,Deonte Banks,CB,Defense
NYG,Jarrick Bernard-Converse,CB,Defense
NYG,Korie Black,CB,Defense
NYG,Cor'Dale Flott,CB,Defense
NYG,Nic Jones,CB,Defense
NYG,Rico Payton,CB,Defense
NYG,Dru Phillips,CB,Defense
NYG,Dane Belton,S,Defense
NYG,Beau Brade,S,Defense
NYG,Jevon Holland,S,Defense
NYG,Tyler Nubin,S,Defense
NYJ,Justin Fields,QB,Offense
NYJ,Tyrod Taylor,QB,Offense
NYJ,Isaiah Davis,RB,Offense
NYJ,Breece Hall,RB,Offense
NYJ,Khalil Herbert,RB,Offense
NYJ,Kene Nwangwu,RB,Offense
NYJ,Andrew Beck,FB,Offense
NYJ,Tyler Johnson,WR,Offense
NYJ,Allen Lazard,WR,Offense
NYJ,John Metchie III,WR,Offense
NYJ,Arian Smith,WR,Offense
NYJ,Isaiah Williams,WR,Offense
NYJ,Garrett Wilson,WR,Offense
NYJ,Jeremy Ruckert,TE,Offense
NYJ,Stone Smartt,TE,Offense
NYJ,Mason Taylor,TE,Offense
NYJ,Jelani Woods,TE,Offense
NYJ,Josh Myers,C,Offense
NYJ,Joe Tippmann,C,Offense
NYJ,Xavier Newman,G,Offense
NYJ,John Simpson,G,Offense
NYJ,Olu Fashanu,OT,Offense
NYJ,Armand Membou,OT,Offense
NYJ,Max Mitchell,OT,Offense
NYJ,Chukwuma Okorafor,OT,Offense
NYJ,Tyler Baron,DE,Defense
NYJ,Micheal Clemons,DE,Defense
NYJ,Will McDonald IV,DE,Defense
NYJ,Braiden McGregor,DE,Defense
NYJ,Jowon Briggs,DT,Defense
NYJ,Harrison Phillips,DT,Defense
NYJ,Jay Tufele,DT,Defense
NYJ,Quinnen Williams,DT,Defense
NYJ,Jermaine Johnson,LB,Defense
NYJ,Kobe King,LB,Defense
NYJ,Kiko Mauigoa,LB,Defense
NYJ,Jamien Sherwood,LB,Defense
NYJ,Mykal Walker,LB,Defense
NYJ,Ja'Markis Weston,LB,Defense
NYJ,Quincy Williams,LB,Defense
NYJ,Jarvis Brownlee Jr.,CB,Defense
NYJ,Sauce Gardner,CB,Defense
NYJ,Brandon Stephens,CB,Defense
NYJ,Qwan'tez Stiggers,CB,Defense
NYJ,Azareye'h Thomas,CB,Defense
NYJ,Tony Adams,S,Defense
NYJ,Andre Cisco,S,Defense
NYJ,Malachi Moore,S,Defense
NYJ,Isaiah Oliver,S,Defense
PHI,Sam Howell,QB,Offense
PHI,Jalen Hurts,QB,Offense
PHI,Tanner McKee,QB,Offense
PHI,Saquon Barkley,RB,Offense
PHI,Tank Bigsby,RB,Offense
PHI,AJ Dillon,RB,Offense
PHI,Will Shipley,RB,Offense
PHI,A.J. Brown,WR,Offense
PHI,Darius Cooper,WR,Offense
PHI,Jahan Dotson,WR,Offense
PHI,Xavier Gipson,WR,Offense
PHI,DeVonta Smith,WR,Offense
PHI,Grant Calcaterra,TE,Offense
PHI,Dallas Goedert,TE,Offense
PHI,Kylen Granson,TE,Offense
PHI,Cameron Latu,TE,Offense
PHI,Cam Jurgens,C,Offense
PHI,Drew Kendall,C,Offense
PHI,Landon Dickerson,G,Offense
PHI,Tyler Steen,G,Offense
PHI,Fred Johnson,OT,Offense
PHI,Lane Johnson,OT,Offense
PHI,Jordan Mailata,OT,Offense
PHI,Matt Pryor,OT,Offense
PHI,Brett Toth,OT,Offense
PHI,Brandon Graham,DE,Defense
PHI,Jalen Carter,DT,Defense
PHI,Jordan Davis,DT,Defense
PHI,Moro Ojomo,DT,Defense
PHI,Ty Robinson,DT,Defense
PHI,Byron Young,DT,Defense
PHI,Zack Baun,LB,Defense
PHI,Jihaad Campbell,LB,Defense
PHI,Nakobe Dean,LB,Defense
PHI,Jalyx Hunt,LB,Defense
PHI,Patrick Johnson,LB,Defense
PHI,Smael Mondon Jr.,LB,Defense
PHI,Jaelan Phillips,LB,Defense
PHI,Jeremiah Trotter Jr.,LB,Defense
PHI,Joshua Uche,LB,Defense
PHI,Jaire Alexander,CB,Defense
PHI,Michael Carter II,CB,Defense
PHI,Cooper DeJean,CB,Defense
PHI,Adoree' Jackson,CB,Defense
PHI,Mac McWilliams,CB,Defense
PHI,Quinyon Mitchell,CB,Defense
PHI,Kelee Ringo,CB,Defense
PHI,Reed Blankenship,S,Defense
PHI,Sydney Brown,S,Defense
PHI,Andrew Mukuba,S,Defense
PIT,Aaron Rodgers,QB,Offense
PIT,Mason Rudolph,QB,Offense
PIT,Kenneth Gainwell,RB,Offense
PIT,Kaleb Johnson,RB,Offense
PIT,Lew Nichols,RB,Offense
PIT,Trey Sermon,RB,Offense
PIT,Jaylen Warren,RB,Offense
PIT,Calvin Austin III,WR,Offense
PIT,DK Metcalf,WR,Offense
PIT,Scotty Miller,WR,Offense
PIT,Ben Skowronek,WR,Offense
PIT,Ke'Shawn Williams,WR,Offense
PIT,Roman Wilson,WR,Offense
PIT,Pat Freiermuth,TE,Offense
PIT,Connor Heyward,TE,Offense
PIT,Jonnu Smith,TE,Offense
PIT,Darnell Washington,TE,Offense
PIT,Zach Frazier,C,Offense
PIT,Ryan McCollum,C,Offense
PIT,Spencer Anderson,G,Offense
PIT,Mason McCormick,G,Offense
PIT,Andrus Peat,G,Offense
PIT,Isaac Seumalo,G,Offense
PIT,Calvin Anderson,OT,Offense
PIT,Troy Fautanu,OT,Offense
PIT,Broderick Jones,OT,Offense
PIT,Yahya Black,DE,Defense
PIT,DeMarvin Leal,DE,Defense
PIT,Esezi Otomewo,DE,Defense
PIT,Keeanu Benton,DT,Defense
PIT,Derrick Harmon,DT,Defense
PIT,Cameron Heyward,DT,Defense
PIT,Logan Lee,DT,Defense
PIT,Carson Bruener,LB,Defense
PIT,Malik Harrison,LB,Defense
PIT,Nick Herbig,LB,Defense
PIT,Alex Highsmith,LB,Defense
PIT,Cole Holcomb,LB,Defense
PIT,Patrick Queen,LB,Defense
PIT,Jack Sawyer,LB,Defense
PIT,T.J. Watt,LB,Defense
PIT,Payton Wilson,LB,Defense
PIT,Brandin Echols,CB,Defense
PIT,James Pierre,CB,Defense
PIT,Joey Porter Jr.,CB,Defense
PIT,Jalen Ramsey,CB,Defense
PIT,Darius Slay,CB,Defense
PIT,Chuck Clark,S,Defense
PIT,Kyle Dugger,S,Defense
PIT,Jabrill Peppers,S,Defense
PIT,Juan Thornhill,S,Defense
SEA,Sam Darnold,QB,Offense
SEA,Drew Lock,QB,Offense
SEA,Jalen Milroe,QB,Offense
SEA,Zach Charbonnet,RB,Offense
SEA,George Holani,RB,Offense
SEA,Kenneth Walker III,RB,Offense
SEA,Robbie Ouzts,FB,Offense
SEA,Brady Russell,FB,Offense
SEA,Jake Bobo,WR,Offense
SEA,Tory Horton,WR,Offense
SEA,Cooper Kupp,WR,Offense
SEA,Jaxon Smith-Njigba,WR,Offense
SEA,Cody White,WR,Offense
SEA,Ricky White III,WR,Offense
SEA,Dareke Young,WR,Offense
SEA,Elijah Arroyo,TE,Offense
SEA,AJ Barner,TE,Offense
SEA,Nick Kallerup,TE,Offense
SEA,Olu Oluwatimi,C,Offense
SEA,Jalen Sundell,C,Offense
SEA,Anthony Bradford,G,Offense
SEA,Bryce Cabeldue,G,Offense
SEA,Josh Jones,G,Offense
SEA,Mason Richman,G,Offense
SEA,Grey Zabel,G,Offense
SEA,Charles Cross,OT,Offense
SEA,Abraham Lucas,OT,Offense
SEA,DeMarcus Lawrence,DE,Defense
SEA,Mike Morris,DE,Defense
SEA,Leonard Williams,DE,Defense
SEA,Byron Murphy II,DT,Defense
SEA,Brandon Pili,DT,Defense
SEA,Jarran Reed,DT,Defense
SEA,Derick Hall,LB,Defense
SEA,Jared Ivey,LB,Defense
SEA,Ernest Jones IV,LB,Defense
SEA,Tyrice Knight,LB,Defense
SEA,Boye Mafe,LB,Defense
SEA,Uchenna Nwosu,LB,Defense
SEA,Connor O'Toole,LB,Defense
SEA,Chazz Surratt,LB,Defense
SEA,Drake Thomas,LB,Defense
SEA,Josh Jobe,CB,Defense
SEA,Derion Kendrick,CB,Defense
SEA,Nehemiah Pritchett,CB,Defense
SEA,Devon Witherspoon,CB,Defense
SEA,Riq Woolen,CB,Defense
SEA,D'Anthony Bell,S,Defense
SEA,Coby Bryant,S,Defense
SEA,Nick Emmanwori,S,Defense
SEA,Ty Okada,S,Defense
SEA,Jerrick Reed II,S,Defense
SF,Mac Jones,QB,Offense
SF,Adrian Martinez,QB,Offense
SF,Brock Purdy,QB,Offense
SF,Isaac Guerendo,RB,Offense
SF,Jordan James,RB,Offense
SF,Christian McCaffrey,RB,Offense
SF,Brian Robinson Jr.,RB,Offense
SF,Kyle Juszczyk,FB,Offense
SF,Kendrick Bourne,WR,Offense
SF,Jauan Jennings,WR,Offense
SF,Skyy Moore,WR,Offense
SF,Ricky Pearsall,WR,Offense
SF,Demarcus Robinson,WR,Offense
SF,Jordan Watkins,WR,Offense
SF,Luke Farrell,TE,Offense
SF,George Kittle,TE,Offense
SF,Jake Tonges,TE,Offense
SF,Jake Brendel,C,Offense
SF,Matt Hennessy,C,Offense
SF,Connor Colby,G,Offense
SF,Dominick Puni,G,Offense
SF,Spencer Burford,OT,Offense
SF,Colton McKivitz,OT,Offense
SF,Austen Pleasants,OT,Offense
SF,Trent Williams,OT,Offense
SF,Nick Zakelj,OT,Offense
SF,Robert Beal Jr.,DE,Defense
SF,Clelin Ferrell,DE,Defense
SF,Bryce Huff,DE,Defense
SF,Keion White,DE,Defense
SF,Mykel Williams,DE,Defense
SF,Alfred Collins,DT,Defense
SF,Kalia Davis,DT,Defense
SF,Jordan Elliott,DT,Defense
SF,Kevin Givens,DT,Defense
SF,Sam Okuayinonu,DT,Defense
SF,CJ West,DT,Defense
SF,Tatum Bethune,LB,Defense
SF,Luke Gifford,LB,Defense
SF,Nick Martin,LB,Defense
SF,Curtis Robinson,LB,Defense
SF,Dee Winters,LB,Defense
SF,Renardo Green,CB,Defense
SF,Deommodore Lenoir,CB,Defense
SF,Chase Lucas,CB,Defense
SF,Darrell Luter Jr.,CB,Defense
SF,Siran Neal,CB,Defense
SF,Upton Stout,CB,Defense
SF,Ji'Ayir Brown,S,Defense
SF,Malik Mustapha,S,Defense
SF,Jason Pinnock,S,Defense
SF,Marques Sigle,S,Defense
TB,Teddy Bridgewater,QB,Offense
TB,Baker Mayfield,QB,Offense
TB,Bucky Irving,RB,Offense
TB,Sean Tucker,RB,Offense
TB,Rachaad White,RB,Offense
TB,Josh Williams,RB,Offense
TB,Emeka Egbuka,WR,Offense
TB,Chris Godwin Jr.,WR,Offense
TB,Kameron Johnson,WR,Offense
TB,Tez Johnson,WR,Offense
TB,Ryan Miller,WR,Offense
TB,Sterling Shepard,WR,Offense
TB,Devin Culp,TE,Offense
TB,Payne Durham,TE,Offense
TB,Cade Otton,TE,Offense
TB,Graham Barton,C,Offense
TB,Ben Bredeson,G,Offense
TB,Dan Feeney,G,Offense
TB,Mike Jordan,G,Offense
TB,Elijah Klein,G,Offense
TB,Benjamin Chukwuma,OT,Offense
TB,Luke Haggard,OT,Offense
TB,Charlie Heck,OT,Offense
TB,Tristan Wirfs,OT,Offense
TB,Logan Hall,DE,Defense
TB,Elijah Roberts,DE,Defense
TB,C.J. Brewer,DT,Defense
TB,Greg Gaines,DT,Defense
TB,Elijah Simmons,DT,Defense
TB,Vita Vea,DT,Defense
TB,Chris Braswell,LB,Defense
TB,John Bullock,LB,Defense
TB,Lavonte David,LB,Defense
TB,SirVocea Dennis,LB,Defense
TB,Yaya Diaby,LB,Defense
TB,Deion Jones,LB,Defense
TB,Anthony Nelson,LB,Defense
TB,Haason Reddick,LB,Defense
TB,Markees Watts,LB,Defense
TB,Jamel Dean,CB,Defense
TB,Josh Hayes,CB,Defense
TB,Zyon McCollum,CB,Defense
TB,Benjamin Morrison,CB,Defense
TB,Jacob Parrish,CB,Defense
TB,Kindle Vildor,CB,Defense
TB,Sebastian Castro,S,Defense
TB,Christian Izien,S,Defense
TB,Kaevon Merriweather,S,Defense
TB,Tykee Smith,S,Defense
TB,Antoine Winfield Jr.,S,Defense
TEN,Brandon Allen,QB,Offense
TEN,Cam Ward,QB,Offense
TEN,Julius Chestnut,RB,Offense
TEN,Tony Pollard,RB,Offense
TEN,Tyjae Spears,RB,Offense
TEN,Elic Ayomanor,WR,Offense
TEN,Chimere Dike,WR,Offense
TEN,Van Jefferson,WR,Offense
TEN,Mason Kinsey,WR,Offense
TEN,Bryce Oliver,WR,Offense
TEN,James Proche II,WR,Offense
TEN,Calvin Ridley,WR,Offense
TEN,Gunnar Helm,TE,Offense
TEN,David Martin-Robinson,TE,Offense
TEN,Chig Okonkwo,TE,Offense
TEN,Lloyd Cushenberry III,C,Offense
TEN,Corey Levin,C,Offense
TEN,Drew Moss,G,Offense
TEN,Jackson Slater,G,Offense
TEN,Kevin Zeitler,G,Offense
TEN,Brandon Crenshaw-Dickson,OT,Offense
TEN,JC Latham,OT,Offense
TEN,Dan Moore Jr.,OT,Offense
TEN,Peter Skoronski,OT,Offense
TEN,Olisaemeka Udoh,OT,Offense
TEN,Sebastian Joseph-Day,DE,Defense
TEN,C.J. Ravenell,DE,Defense
TEN,Carlos Watkins,DE,Defense
TEN,James Lynch,DT,Defense
TEN,Jeffery Simmons,DT,Defense
TEN,T'Vondre Sweat,DT,Defense
TEN,Shy Tuttle,DT,Defense
TEN,Joe Bachie,LB,Defense
TEN,Cody Barton,LB,Defense
TEN,Cedric Gray,LB,Defense
TEN,Jaylen Harrell,LB,Defense
TEN,Dre'Mont Jones,LB,Defense
TEN,Truman Jones,LB,Defense
TEN,Arden Key,LB,Defense
TEN,Dorian Mausi,LB,Defense
TEN,Jihad Ward,LB,Defense
TEN,James Williams Sr.,LB,Defense
TEN,Jalyn Armour-Davis,CB,Defense
TEN,Darrell Baker Jr.,CB,Defense
TEN,Marcus Harris,CB,Defense
TEN,Micah Robinson,CB,Defense
TEN,Samuel Womack III,CB,Defense
TEN,Kendell Brooks,S,Defense
TEN,Quandre Diggs,S,Defense
TEN,Amani Hooker,S,Defense
TEN,Kevin Winston Jr.,S,Defense
TEN,Xavier Woods,S,Defense
WAS,Jayden Daniels,QB,Offense
WAS,Josh Johnson,QB,Offense
WAS,Marcus Mariota,QB,Offense
WAS,Jacory Croskey-Merritt,RB,Offense
WAS,Jeremy McNichols,RB,Offense
WAS,Chris Rodriguez Jr.,RB,Offense
WAS,Treylon Burks,WR,Offense
WAS,Jaylin Lane,WR,Offense
WAS,Luke McCaffrey,WR,Offense
WAS,Terry McLaurin,WR,Offense
WAS,Chris Moore,WR,Offense
WAS,Deebo Samuel,WR,Offense
WAS,John Bates,TE,Offense
WAS,Zach Ertz,TE,Offense
WAS,Ben Sinnott,TE,Offense
WAS,Colson Yankoff,TE,Offense
WAS,Tyler Biadasz,C,Offense
WAS,Nick Allegretti,G,Offense
WAS,Sam Cosmi,G,Offense
WAS,Chris Paul,G,Offense
WAS,Andrew Wylie,G,Offense
WAS,Brandon Coleman,OT,Offense
WAS,Josh Conerly Jr.,OT,Offense
WAS,George Fant,OT,Offense
WAS,Trent Scott,OT,Offense
WAS,Laremy Tunsil,OT,Offense
WAS,Jalyn Holmes,DE,Defense
WAS,Jacob Martin,DE,Defense
WAS,Sheldon Day,DT,Defense
WAS,Eddie Goldman,DT,Defense
WAS,Javon Kinlaw,DT,Defense
WAS,Jer'Zhan Newton,DT,Defense
WAS,Daron Payne,DT,Defense
WAS,Nick Bellore,LB,Defense
WAS,Ale Kaho,LB,Defense
WAS,Frankie Luvu,LB,Defense
WAS,Jordan Magee,LB,Defense
WAS,Kain Medrano,LB,Defense
WAS,Von Miller,LB,Defense
WAS,Preston Smith,LB,Defense
WAS,Bobby Wagner,LB,Defense
WAS,Trey Amos,CB,Defense
WAS,Antonio Hamilton Sr.,CB,Defense
WAS,Noah Igbinoghene,CB,Defense
WAS,Jonathan Jones,CB,Defense
WAS,Marshon Lattimore,CB,Defense
WAS,Mike Sainristil,CB,Defense
WAS,Percy Butler,S,Defense
WAS,Quan Martin,S,Defense
WAS,Tyler Owens,S,Defense
WAS,Jeremy Reaves,S,Defense
WAS,Darnell Savage,S,Defense
